{
    "outerLong":[
        0.00100906194888819,
        0.0010102872358029764,
        0.0010115124541817458,
        0.001006565524463137,
        0.0010077908113779236,
        6.65357977826842e-05,
        -0.0006020207859495225,
        -0.00042236752977607207,
        0.0010119192839796074,
        -2.058621567951782e-06,
        -0.0001817182806384897,
        -0.0006597395579131062,
        -0.0008493206673882852,
        -0.000974756588178839,
        -0.0010404106658172588,
        -0.001053566085775103,
        -0.0010515522234468737,
        -0.0010462256727292159,
        -0.001044201735606464,
        -0.0009957093508089763,
        -0.0008608832417713141,
        -0.0006551052895047815,
        -0.00024882240905997214,
        -6.916910576800993e-05,
        -0.0002569058553358995,
        -0.00043656551962695434,
        -0.0006262309284032401,
        -2.058622371108233e-06,
        0.0010126629683018106,
        0.0009620491196291524,
        0.0008168600906528298,
        0.0006136879462947375,
        0.00042947276147907475,
        0.00024980970465517046,
        7.014668638277584e-05,
        -0.0010508726203007153,
        -0.001048858826508503,
        -0.0010468449641802737,
        0.00017351189788178162,
        0.0003531721618629866,
        0.0005328324087101873,
        0.0007373914136435208,
        0.0009059027009712533,
        0.0009929539287750757
    ],
    "innerLong":[
        0.000952918545815046,
        0.0009541438327298324,
        0.0009553690511086017,
        0.000950422121389993,
        0.0009516474083047795,
        6.655874021442851e-05,
        -0.0006026055352479316,
        -0.00042295224480647255,
        0.0009557758809064634,
        -1.7135792651697186e-06,
        -0.000181373253194102,
        -0.0006472311179572522,
        -0.0008131325537515319,
        -0.0009248483178028429,
        -0.0009853438950376812,
        -0.0009974249443905254,
        -0.000995411082062296,
        -0.0009900845313446382,
        -0.0009880644322388472,
        -0.0009451893964798272,
        -0.0008281004086831724,
        -0.000652390166648971,
        -0.0002494071412243769,
        -6.975383793241473e-05,
        -0.0002565608107575075,
        -0.0004362204750485623,
        -0.00061790791447933,
        -1.713579399029127e-06,
        0.0009565243627498677,
        0.0009125825638837524,
        0.000786532560379445,
        0.0006101429208071366,
        0.00042949572104482336,
        0.0002498326470869148,
        7.016962881452015e-05,
        -0.0009947314789161374,
        -0.0009927176851239252,
        -0.0009907038227956958,
        0.00017382591277840444,
        0.0003534861596256052,
        0.0005331464064728059,
        0.0007155809227586262,
        0.0008607979144299499,
        0.0009382493708461888
    ],
    "innerLat":[
        -0.00037899509385397323,
        -0.00019933620059475743,
        -1.967732663388233e-05,
        -0.0007450500393986204,
        -0.0005653911975400661,
        0.0005785149881205598,
        0.0005856419800096546,
        0.0005837708096834149,
        3.996942560036132e-05,
        -0.0012325780503488204,
        -0.0012314739351069193,
        -0.0012192558822619048,
        -0.0011365316073863596,
        -0.000989578735499208,
        -0.0008163810238670521,
        -0.0006342875428089201,
        -0.0004546357601782347,
        2.054315926613981e-05,
        0.00020027372192998882,
        0.0003802743871403891,
        0.0005242378208123455,
        0.0005855935935841217,
        0.0005819633093153698,
        0.0005800921389607083,
        -0.0012310118652720803,
        -0.0012299077500301792,
        -0.001224795922666999,
        -0.0012325780503488204,
        0.0002035061203571331,
        0.0003838639953244183,
        0.0005201404292733969,
        0.0005779897280859814,
        0.0005786633000752772,
        0.000578589897997972,
        0.0005785164959206668,
        -0.00039400331651506804,
        -0.0002143515510084626,
        -3.469978335601809e-05,
        -0.001234823838558441,
        -0.0012358287136322588,
        -0.001236833451642383,
        -0.0012102720440623216,
        -0.0010944668729564455,
        -0.0009266628088369089
    ],
    "outerLat":[
        -0.0003793779703329392,
        -0.00019971909421201417,
        -2.0060220222717362e-05,
        -0.0007454329501257462,
        -0.000565774074019032,
        0.0006346596933610726,
        0.0006417836697067969,
        0.0006399124993379246,
        3.958653628899356e-05,
        -0.0012887216589945183,
        -0.001287617543766828,
        -0.0012739894309135025,
        -0.0011794577024630826,
        -0.0010152961905731672,
        -0.0008273299952890056,
        -0.0006336582451069717,
        -0.0004540064281997047,
        2.1172478398057137e-05,
        0.00020118465127438867,
        0.0004047685086021602,
        0.0005698175619528456,
        0.0006416725727973471,
        0.0006381049304309272,
        0.0006362337600904766,
        -0.0012871554739461999,
        -0.0012860513587042988,
        -0.0012803202398856683,
        -0.0012887216589945183,
        0.00020267827382269843,
        0.00041042118796497107,
        0.0005673894336553076,
        0.0006340223769711884,
        0.0006348080053157901,
        0.0006347346032526957,
        0.0006346612011753905,
        -0.00039337398453653805,
        -0.0002137222361682234,
        -3.407046422410076e-05,
        -0.001290967721359948,
        -0.0012919725964479767,
        -0.0012929773344581008,
        -0.0012620071419604528,
        -0.001127900112834368,
        -0.0009392974921098585
    ]
}